VN30,ACB,FPT,HDB,HPG,MBB,MSN,MWG,POW,SHB,STB,TCB,TPB,VHM,VIB,VIC,VNM,VPB,VRE
"1,317.69",24.4,133.5,27.1,26.15,24.75,77.5,69.8,13.75,10.7,29.95,22,17.9,39.75,21.35,41.85,75.3,18.75,18.9
"1,299.04",24.05,130.5,27,25.85,24.05,77.8,69,13.5,10.6,29.65,21.9,17.5,38.6,21.5,41.15,76,18.45,18.3
"1,291.68",24,130.6,27.05,25.6,24.05,77.3,69,13.45,10.6,29.35,21.45,17.5,38.4,21.15,41.15,73.8,18.4,18.3
"1,265.32",23.5,128.7,26.15,25.2,23.25,75,65.9,13.05,10.4,28.95,21.15,17.1,37.85,20.8,40.8,73.8,18,17.8
"1,270.38",23.55,129.5,25.9,25.45,23.4,76.5,66.6,13.35,10.45,29.2,21.2,17.2,37.2,20.6,40.8,74,18,18
"1,268.72",23.6,129.7,25.95,25.4,23.6,74.8,66.7,13.4,10.5,29.15,21,17.25,36.35,20.55,40.7,73.8,18.15,17.45
"1,271.44",23.8,130,25.55,25.85,23.7,75.2,66.6,13.6,10.5,29.2,21.25,17.25,36.5,20.8,40.6,73,18.15,17.4
"1,264.84",23.6,126.9,25.5,26.05,23.45,75.2,65.6,13.85,10.5,28.85,21.1,17.1,37.2,20.9,41.2,73.3,18,17.5
"1,243.31",23.25,121.4,24.95,25.6,23.05,74.5,62.4,13.8,10.4,28.25,20.85,16.9,37.6,20.65,41.8,72.7,17.85,17.65
"1,253.58",23.4,122,24.85,26.05,23.35,73,62.3,13.75,10.5,28.4,21.8,17.05,37.2,20.65,42.35,73.8,18,18
"1,252.81",23.5,120.8,24.85,26.3,23.4,73.2,62.3,13.75,10.5,28.4,22.3,17.35,34.8,20.8,41.3,72.7,18.35,17
"1,232.11",23.2,118.6,24.5,25.95,22.95,70.5,61.6,13.3,10.3,27.2,22.3,16.8,34.5,20.25,41.3,69.4,18.15,16.8
"1,272.00",23.95,124.8,25.8,26.7,23.4,71.8,62.1,13.15,10.9,28.05,23,17.7,36.45,20.7,42.1,70.3,18.55,18.2
"1,299.09",24.55,128.6,26.3,27.2,24.4,74.1,63.8,13.45,11.15,29,23.25,18.15,36.7,21.2,42.3,71.6,19,18.6
"1,287.82",24.15,128,25.3,27.9,24.5,74.6,63,13.4,11.1,28.9,22.95,18,36.7,20.6,42.2,67.7,18.55,18.75
"1,285.73",24.15,129,25.25,27.9,24.1,74,62,13.6,11.05,29.1,22.75,18.1,37.1,20.9,41.6,67.2,18.4,18.95
"1,281.84",24.1,128,25.1,27.45,24.3,74,61,13.55,11.1,29.1,22.75,17.85,37.75,20.9,41.6,65.8,18.4,19.3
"1,280.51",24.2,126,25.05,27.7,23.95,71.5,61.4,13.2,11.1,29.2,23,17.95,37.85,21,40.9,65.6,18.5,20.15
"1,278.67",24,125.5,25.05,27.8,23.9,71,62.5,12.85,11,29,23.05,17.75,37.85,21.1,40.85,65.9,18.4,20.05
"1,299.31",24.75,124.1,25.3,28.05,25.2,72.2,65.3,13.45,11.2,30,23.65,18.6,37.9,21.35,40.75,65.4,18.8,20.05
"1,306.38",24.8,127.9,25.1,28.4,24.9,71.2,65,14.2,11.45,30.6,23.7,18,37.45,21.55,40.55,65.9,19.05,20.15
"1,305.37",24.5,131.9,25.2,28.2,24.5,71.8,63.5,13.9,11.85,30.4,23.7,17.85,37.3,21.6,40.6,65.7,19,19.75
"1,303.30",24.1,134,24.75,28.45,23.55,74,64.1,14.9,11.9,29.9,22.7,17.85,37.9,21.3,41.05,66.1,19,20.2
"1,310.91",24.25,134,24.95,28.95,23.3,76.8,65.2,15.05,11.85,29.85,23.15,17.85,38.25,21.35,40.6,66.8,19.2,20.55
"1,321.78",24.25,139.6,24.4,28.8,22.7,76.2,67,15.05,11.7,30.15,23.45,17.75,38,21.3,40.4,67.6,19.05,20.3
"1,316.18",24.3,138.7,24.4,28.65,22.8,76.7,65.6,14.6,11.75,30.1,23.5,17.7,38.45,21.2,41.4,67.2,19.15,20.8
"1,305.53",24.25,131,24.5,28.75,22.9,76.5,65.5,15.1,11.75,29.9,23.5,17.55,38.1,21.35,41.35,66.2,19,21.3
"1,289.03",23.95,132.8,22.95,28.85,22.5,74.5,63.4,14.75,11.3,29.2,23.45,17.45,37.6,21.15,41,65.3,19,20.4
"1,291.30",24.1,131.8,22.7,28.9,22.5,74,62.6,15.3,11.35,29.5,24,17.55,37.5,21.25,41.2,65.2,19,20.8
"1,288.80",24.05,130,22.6,28.7,22.6,73.9,62,15,11.4,29.6,24,17.55,37.8,21.3,41.2,65.5,19,21.3
"1,289.85",24.1,132.1,22.35,28.7,22.65,73.7,62,15,11.3,29.5,23.95,17.4,37.45,21.3,41.1,65.5,18.85,19.95
"1,319.93",24.55,136.1,23.15,29.05,23.2,76.2,63.5,14.7,11.55,30.65,24.5,18.1,37.75,21.8,41.65,66,19.6,20
"1,322.36",24.8,133.3,23.6,29.35,23.25,75.8,63.5,15.1,11.6,30.75,24.8,18.25,38,22,41.45,66,19.7,20.25
"1,314.22",24.65,131.5,23.7,29.35,23.3,75.6,63.3,14.95,11.6,30.9,24.15,18.04915,38,22,41.5,65.3,19,20.65
"1,309.89",24.55,128,23.7,29.4,23.25,76.2,62.2,14.9,11.6,30.55,24.4,18.0978,38.3,22.05,42.1,65.9,18.6,21.1
"1,309.70",24.55,128.8,23.55,29.45,23.25,76.2,62,13.95,11.65,30.5,24.3,18.04915,38.3,22.05,42,66,18.75,21.15
"1,316.46",24.6,131,23.95,29.1,23.1,78,63,13.75,11.7,30.55,24.55,18.14645,38.2,22.5,42,66.2,18.7,21.45
"1,333.85",24.8,130,24.1,29.5,23.55,78.6,64,14.15,12,31.65,24.7,18.487,38.25,22.9,43.2,66.9,19.45,21.7
"1,331.81",24.55,132,24,29.6,23.1,77.8,63.4,14,11.8,31.35,24.7,17.95185,38.5,22.95,43.3,67,19.4,21.85
"1,308.30",24.15,126.5174,23.55,29.1,22.55,75.8,62.3,14.15,11.65,31.2,24.675,17.7086,38.15,22.9,43.2,66.5,18.3,21.7
"1,311.10",24.4,124.3584,23.9,29.3,22.65,77.1,63,13.65,11.75,31.1,24.45,17.85455,38.9,22.55,43.45,67.2,18.05,22.1
"1,308.03",24.6,122.6312,23.7,29.3,22.45,77.6,62.1,13.95,11.8,30.75,24.55,17.6113,39,22.4,43.5,67.8,18,22.2
"1,302.28",24.35,120.55856,23.7,29.3,22.35,78.1,61.9,13.55,11.85,30.7,24,17.75725,39.05,22.4,43.7,67.2,18.1,22.5
"1,299.66",24.35,120.99036,23.7,29.25,22.2,78.1,62,13.75,11.55,29.6,23.75,17.514,39.3,22.4,44.2,68.5,18.1,22.5
"1,300.99",24.5,120.12676,23.95,29.3,22.5,77.5,63.8,14,11.55,29.95,23.8,17.56265,39.4,22.4,44.1,66,18.2,22.1
"1,297.78",24.8,118.22684,24,29,22.6,77.7,64,13.45,11.65,29.75,23.575,17.56265,39.3,22.3,43.95,66.1,18.3,22.3
"1,275.97",24.65,116.24056,23.25,28.6,21.75,76.6,63.6,12.6,11.4,27.85,23.5,17.17345,38.85,21.75,43.55,65.4,18,21.75
"1,279.29",24.696,116.586,23.1,28.25,21.85,77.2,62.8,12.8,11.4,27.85,23.4,17.2221,39,22,43.15,65.7,17.95,21.6
"1,284.02",24.57,117.19052,23.45,28.6,22.3,75,60.5,12.55,11.55,28.25,23.25,17.2221,39.45,21.9,44.4,66.3,18.05,22.15
"1,299.75",24.906,118.3132,24.15,29.15,22.6,75.5,61.5,12.45,11.7,28.85,23.45,17.36805,39.95,22.3,45.05,66.8,18.05,22.45
"1,284.88",24.738,114.68608,23.8,28.9,22.45,73.5,60,12.1,11.6,28.7,23.25,17.2221,39.8,22,45.05,66.1,18,22.3
"1,283.46",24.57,113.90884,24.2,28.9,22.45,73.5,60.5,11.35,11.55,28.7,23.2,17.27075,39.8,22,44.95,66,18,22.3
"1,304.76",23.898,118.745,24.7,29.5,22.8,75.8,62,11.55,11.75,28.55,23.25,17.8059,40.55,22.25,45.55,67,18.5,23
"1,291.46",23.478,119.1768,24.35,28.45483,22.69888,73.9,61,11.35,11.65,28,23.2,17.65995,40.35,22.2,45.5,65.8,18.3,23.15
"1,308.62",23.688,117.4496,24.7,28.954835,23.09024,75.8,60.5,11.3,11.85,28.3,23.6,17.85455,40.2,22.6,46.45,66.2,18.8001,23.15
"1,312.55",23.73,114.8588,24.85,29.0912,22.94348,76.4,60,11.35,11.85,28.3,24.09953,17.95185,40.45,22.5,46.7,66.4,18.8001,22.85
"1,310.15",23.73,116.1542,24.3,28.72756,22.7478,75.5,59.6,11.25,12,28.5,24.123775,17.9032,40.85,22.3,46.85,67,18.4203,23.1
"1,308.27",23.73,116.93144,24.2,28.72756,22.89456,72.4,59.9,11.15,11.85,28.4,24.19651,17.85455,40.25,22.3,46.75,67.2,18.4203,22.65
"1,289.97",23.268,115.80876,23.5,28.36392,22.40536,72.2,60.8,11,11.6,27.8,23.32369,17.46535,40.25,21.85,46.35,67,18.087975,22.35
"1,277.31",23.31,112.6998,23.3,27.45482,22.35644,70.6,60.1,10.95,11.6,27.25,23.22671,17.514,40.15,21.75,46.05,66.5,18.13545,22.25
"1,272.53",23.268,112.00892,23.25,27.45482,22.16076,70.8,58.3,11,11.65,27.25,23.46916,17.514,40.1,21.35,45,65.8,17.8506,22.25
"1,277.47",23.268,113.1316,23.7,27.682095,22.11184,70.8,58.9,10.95,11.6,27.6,23.51765,17.6113,40.35,21.55,45,66.5,17.56575,22.5
"1,281.47",23.184,112.52708,23.7,27.682095,22.16076,71.4,58.9,11.1,11.75,27.8,23.493405,17.65995,40.95,21.6,45.4,66.6,17.803125,22.85
"1,284.85",23.142,113.1316,24.1,27.90937,22.06292,72.3,59.1,11.15,11.9,27.95,23.37218,17.27075,40.9,21.55,45.4,67.9,17.613225,23.2
"1,284.85",23.226,113.39068,24.3,27.409365,22.2586,71.2,59.3,11.1,11.65,28.3,23.22671,17.27075,41.05,21.7,45,68,17.8506,23.35
"1,274.62",23.184,110.19536,24.3,26.63663,22.40536,71.1,58.3,11.1,11.75,28.1,23.444915,17.3194,41.15,21.7,44.75,65.8,17.803125,23.35
"1,255.62",23.1,108.72724,24.45,26.045715,21.91616,69.8,55.7,10.95,11.6,27.55,23.37218,17.0275,41.1,21.2,44.45,65.6,17.4708,23.4
"1,247.21",22.68,109.93628,23.65,25.772985,21.91616,68,55.6,11.1,11.7,27.6,22.717565,17.17345,41.15,21.4,44.4,65.4,17.37585,22.75
"1,240.50",22.554,106.39552,23.6,25.81844,21.7694,67.2,54.9,10.5,11.45,28.2,22.59634,17.4167,40.8,21.1,44.45,65,17.613225,22.45
"1,233.72",22.512,106.39552,22.5,25.954805,21.7694,68.1,53.8,10.55,11.1,28.45,22.378135,17.46535,40.7,21.15,42,64.7,17.6607,22.55
"1,232.17",22.722,103.71836,22.4,26.18208,22.06292,66.9,52.3,10.65,11.2,28.6,22.7903,17.514,40.6,21.4,41.6,64,17.6607,22.55
"1,200.37",22.386,96.98228,22.2,25.09116,21.5248,64.7,49.8,10.45,10.95,27.8,22.40238,16.78425,40.2,21,41,63.5,17.4708,21.9
"1,206.64",22.512,95.25508,22.4,25.4548,22.11184,66.9,48.6,10.65,11.25,27.65,21.941725,17.0275,41.45,21.2,42,64,17.37585,22.4
"1,194.03",22.344,94.1324,22.25,25.27298,22.20968,66.5,48.2,10.6,11.15,26.8,21.57805,16.1518,41.5,21.1,42.6,64.2,17.18595,21.3
"1,210.74",22.47,96.55048,23,25.4548,22.60104,66.8,49.4,10.95,11.1,26.8,21.747765,16.541,41.8,21.5,45,64.2,17.233425,22
"1,232.70",22.806,97.5868,23.5,25.772985,23.38376,66.1,49.9,10.9,11.5,27.3,22.06295,17.1248,42.7,21.90056,46.4,64,17.803125,22.2
"1,227.90",22.554,96.37776,23.5,25.90935,22.89456,66.9,49.9,11.15,11.35,27.5,21.52956,17.0275,42.4,21.852,47,64.9,17.6607,22.5
"1,284.74",23.52,99.7458,24.3,27.227545,24.11756,71.9,52,11.25,11.3,29.1,22.98426,18.1951,44.5,22.92032,48.45,66.7,18.70515,24.15
"1,262.86",22.806,99.22764,24,27.18209,23.237,71.8,52.3,11.2,11.1,28.85,21.86899,17.85455,44.15,22.24048,48.3,66.6,18.372825,23.9
"1,263.82",22.764,98.27768,23.95,26.954815,23.28592,72.5,52,11.3,11.2,29.1,22.135685,17.85455,44.2,22.24048,48.5,66.8,18.372825,24.25
"1,266.92",22.932,97.5868,23.95,27.18209,23.4816,73.5,52.8,11.3,11.2,29.15,22.20842,18.0978,43.2,22.38616,47.7,67,18.372825,24.2
"1,254.72",22.806,97.24136,23.9,26.90936,22.9924,71.9,50,11.2,11.1,29,22.06295,17.75725,43,22.04624,47.7,67,18.4203,23.6
"1,257.78",22.806,98.19132,23.35,26.772995,22.84564,71.9,51,11.25,11.15,29.6,21.91748,17.7086,42.95,22.04624,47.8,67.9,18.467775,24.7
"1,267.65",23.142,98.4504,23.35,26.90936,23.28592,73.4,50.7,11.3,11.2,29.7,22.3054,17.9032,43,22.53184,47.85,68.2,18.32535,25.3
"1,274.27",23.52,99.40036,23.4,27.227545,23.67728,73.4,50.2,11.4,11.25,30.1,22.69332,18.0005,43.1,22.87176,47.75,66.7,18.372825,25.5
"1,292.30",23.856,101.0412,23.9,27.63664,24.26432,74.5,51.6,11.55,11.4,30.2,23.105485,18.34105,43.15,23.40592,47.8,67.3,18.562725,25.55
"1,292.62",23.898,100.86848,24,27.36391,24.36216,73.4,51.4,11.35,11.45,31.4,23.008505,18.24375,42.9,23.60016,47.85,67,18.657675,25.7
"1,296.90",23.94,100.6094,24.1,27.500275,24.85136,74.2,51.1,11.4,11.4,31.6,23.056995,18.5843,42.85,23.89152,47.65,67.6,18.752625,25.85
"1,303.20",23.814,101.12756,24.25,27.773005,24.9492,76,51,11.45,11.6,32,23.2752,18.5843,43.3,23.5516,47.6,67.7,18.657675,25.65
"1,288.77",23.52,99.48672,24.15,27.81846,24.75352,75.4,50.7,11.45,11.5,30.9,22.087195,18.6816,42.5,23.50304,47.05,67.7,18.6102,25.95
"1,286.23",23.478,99.314,24.2,27.773005,24.7046,74,48.65,11.45,11.5,31,22.281155,18.63295,42.75,23.64872,47.05,67.7,18.6102,26.4
"1,270.00",23.1,98.4504,23.55,27.45482,24.16648,75.5,48.3,11.4,11.45,30.85,21.72352,18.487,42.55,23.26024,46.85,67.3,17.94555,26.05
"1,284.14",23.646,99.22764,23.8,27.773005,24.50892,78.5,49.1,11.5,11.55,31.65,21.77201,18.24375,42.8,23.50304,46.6,67.8,17.8506,26.7
"1,281.57",23.52,100.35032,23.9,27.500275,24.2154,78,48.5,11.4,11.45,31.5,21.86899,18.24375,42.9,23.60016,46.5,68.4,17.803125,26.95
"1,259.06",23.1,98.8822,22.6,27.273,23.62836,77.3,48,11.4,11.35,31.15,20.51127,18.0978,42.5,22.92032,46.5,68,17.708175,26.35
"1,234.74",22.554,96.7232,22.35,27.09118,22.69888,77.4,45.5,11.25,11.2,30.4,19.54147,17.7086,42.9,21.46352,47,67.8,17.233425,26.75
"1,235.74",22.596,97.5868,22.3,26.90936,22.69888,77.9,45.9,11.3,11.15,30.25,19.44449,17.8059,42.1,21.6092,46.1,67.9,17.2809,27.55
"1,256.42",22.974,100.1776,23,27.36391,23.28592,78.5,47.35,11.45,11.4,30.5,20.07486,18.2924,42.4,21.852,44.4,68.8,17.708175,25.75
"1,260.32",22.89,101.0412,22.95,27.591185,22.94348,78.9,47.25,11.6,11.45,30.45,20.07486,18.24375,42.9,21.07504,45.95,69.5976,17.8506,25.9
"1,272.28",23.226,101.0412,23.1,28.00028,23.33484,80.9,48.55,11.6,11.55,30.85,20.3658,18.487,42.95,21.41496,45,69.89376,18.087975,25.9
"1,242.23",22.47,96.63684,22.95,27.45482,22.60104,78.7,46.75,11.5,11.3,30.25,19.97788,18.0005,42.7,20.68656,44.15,69.104,17.613225,25.2
"1,235.12",22.47,94.996,23.1,27.18209,22.45428,77.5,46.4,11.6,11.4,30.2,19.58996,18.0005,42.55,20.68656,44.35,69.40016,17.613225,24.5
"1,250.20",22.722,94.996,23,27.54573,23.09024,78.5,47.75,11.7,11.7,30.65,19.8809,18.0978,42.55,20.92936,44.8,69.104,18.0405,25.4
"1,276.56",23.1,96.11868,23.15,28.1821,23.87296,80.8,49,11.85,11.9,31.3,20.65674,18.73025,43.2,21.22072,45.6,71.0784,18.467775,26
"1,271.07",23.184,94.21876,23.45,28.00028,24.06864,76.9,48.7,11.9,11.8,31.55,20.729475,18.6816,43.1,21.26928,45.3,70.88096,18.4203,25.85
"1,280.17",23.478,95.60052,23.5,28.318465,24.06864,75.7,50,11.85,11.85,31.9,20.46278,18.8762,43.65,21.46352,45.3,72.0656,18.752625,26.7
"1,268.53",23.352,96.20504,23.3,28.00028,23.67728,70.8,47.4,11.85,11.85,31.75,20.293065,19.0708,43.95,21.3664,45.25,71.0784,18.6102,27
"1,267.07",23.352,95.68688,23.3,28.045735,23.4816,70.5,46.6,11.75,11.9,31.95,20.293065,19.31405,43.95,21.26928,45.25,70.5848,18.657675,26.65
"1,265.75",23.52,94.1324,23.3,28.1821,23.62836,70.4,46.2,11.65,11.8,31.55,20.46278,19.31405,43.4,21.26928,45,71.0784,18.89505,26.5
"1,265.35",23.52,93.7006,23.2,27.81846,23.87296,68.3,45.3,11.8,11.9,31.4,20.46278,19.46,44.4,21.46352,45.6,71.27584,18.89505,27.8
"1,247.91",23.184,93.18244,22.7,27.591185,23.7262,67.6,44.75,11.75,11.9,30.75,20.341555,18.63295,44.2,21.31784,45.15,71.0784,18.372825,26.4
"1,233.31",23.1,93.2688,22.7,26.18208,23.4816,66.7,44.35,11.55,11.75,30.5,19.97788,18.63295,43.35,21.31784,44.6,70.0912,18.277875,26
"1,223.09",22.932,89.72804,22.5,25.81844,23.38376,66.7,44,11.5,11.85,30.65,19.44449,18.5843,43.3,21.3664,45.2,70.0912,18.51525,25.45
"1,239.90",23.226,90.33256,22.9,25.954805,23.43268,68.1,45.3,11.75,12.1,31.05,19.54147,19.02215,44.8,21.852,47.6,70.68352,18.70515,26.4
"1,242.08",23.268,91.45524,23.5,26.18208,23.4816,68,46.1,11.8,11.9,31.5,18.9111,18.9735,45,21.65776,47.25,70.38736,18.752625,26
"1,241.65",23.142,90.07348,23.6,26.54572,23.33484,68.8,46.8,11.9,11.85,30.7,18.86261,18.24375,46.15,21.56064,48.5,70.5848,18.6102,25.5
"1,240.20",23.268,90.678,23.35,26.54572,23.43268,68.9,46.8,12,12,30.7,18.86261,18.2924,45.55,21.3664,47,70.97968,18.8001,24.05
"1,224.54",23.184,90.76436,23.3,26.00026,23.4816,66.2,46.3,11.5,11.9,30.8,18.66865,18.3897,42.7,21.46352,43.95,69.104,18.847575,22.5
"1,217.12",22.848,89.8144,23.65,26.09117,23.62836,64.9,45.85,11.4,11.9,31.25,18.62016,18.34105,41.95,21.46352,42.55,66.73472,18.8001,22
"1,212.70",23.52,90.59164,23.55,25.591165,22.9924,64.9,46.6,11.35,11.65,31.1,18.08677,18.0005,41.8,21.07504,42.4,66.73472,18.6102,21.9
"1,199.17",23.394,89.90076,23,25.500255,22.55212,64.8,47,11.35,11.55,30.8,17.286685,17.6113,41,20.78368,42.3,66.73472,18.32535,21.7
"1,197.36",23.352,89.3826,22.65,25.4548,22.45428,64.9,47.4,11.25,11.75,30.6,17.21395,17.65995,41.25,20.58944,42.2,67.1296,18.2304,21.8
"1,174.76",22.05,88.0872,22.35,25.36389,21.2802,65.4,47.4,11.3,11.45,29.9,16.559335,17.0275,41.2,19.6668,42.1,66.53728,17.8506,22.3
"1,173.35",21.84,86.27364,21.8,25.318435,21.42696,65.1,46.2,11.35,11.6,29.8,16.559335,17.36805,41.2,20.05528,42.35,66.636,18.182925,22.65
"1,166.33",21.63,82.64652,21.8,25.227525,21.2802,64.4,45,11.35,11.6,29.9,16.753295,17.36805,41.5,20.1524,42.5,66.1424,18.4203,22.45
"1,181.71",21.798,82.56016,21.85,25.4548,21.62264,66.1,45.4,11.5,12.3,30.7,17.06848,17.8059,42,20.29808,42.7,66.04368,18.70515,23.4
"1,179.17",21.798,82.81924,21.4,25.4548,21.67156,65.6,44.6,11.4,12.3,30.35,17.092725,17.65995,41.8,20.20096,42.65,66.1424,18.752625,23.3
"1,182.82",22.092,82.81924,21.3,25.772985,21.5248,65.8,44.9,11.4,12.35,30.3,17.16546,17.8059,42,20.20096,42.8,66.1424,18.752625,23.75
"1,177.52",21.672,82.12836,21.05,25.682075,21.42696,66.8,45.2,11.45,12.25,30.5,16.9715,17.65995,42.1,20.00672,42.8,66.04368,18.657675,23.8
"1,179.45",21.672,82.042,21.15,25.682075,21.42696,66.2,44.4,11.4,12.2,30.75,17.092725,17.8059,42.5,20.24952,43.15,66.43856,18.657675,23.95
"1,183.85",21.882,82.56016,21,25.772985,21.47588,67.5,45.4,11.45,12.1,30.5,17.189705,18.0978,42.35,20.34664,43.1,66.83344,18.70515,23.75
"1,189.56",22.092,83.25104,21.2,25.72753,21.62264,67.7,46.15,11.55,12.15,30.25,16.947255,18.14645,43,20.49232,43.3,67.42576,18.8001,23.9
"1,185.23",21.798,83.16468,20.95,25.27298,21.57372,67.8,46.05,11.55,12.15,30.3,16.947255,18.0978,43.05,20.49232,43.3,67.1296,18.70515,23.85
"1,173.91",21.504,82.56016,20.8,25.136615,21.23128,66.4,45.85,11.4,12.05,29.8,16.68056,17.95185,43.2,20.20173696,43.35,66.53728,18.51525,23.55
"1,166.61",21.336,82.64652,20.85,25.136615,21.0356,66.3,44.9,11.4,12,29.7,16.510845,17.85455,41.9,20.20173696,43.2,66.24112,18.32535,23.3
"1,170.19",21.336,82.64652,21,25.27298,21.0356,67.1,44.3,11.5,12.2,29.9,16.559335,18.0978,42.65,20.2961376,43.15,66.53728,18.467775,23.1
"1,161.30",21.252,82.38744,21,24.63661,20.98668,65.6,42.9,11.4,12.15,29.8,16.63207,17.8059,41.6,20.01293568,43.05,66.1424,18.372825,22.95
"1,163.66",21.672,81.78292,20.9,24.682065,20.88884,64.8,41.9,11.45,12.3,29.9,16.801785,18.04915,41.3,19.87133472,43,66.33984,18.657675,23.1
"1,163.56",21.21,82.042,20.8,25.00025,20.20396,66.1,42.45,11.65,12.1,29.5,16.559335,18.0005,42,19.96573536,43.65,67.03088,18.657675,23.45
"1,162.68",21.21,81.78292,20.7,24.863885,20.44856,66.2,42.25,11.4,12,29.45,16.68056,18.0005,42.7,19.87133472,43.6,66.636,18.6102,23.3
"1,160.21",21,83.42376,20.55,25.18207,20.39964,66.1,42.7,11.45,11.7,29.2,16.72905,17.27075,43,19.77693408,43.9,67.22832,18.182925,23.35
"1,163.52",21.294,84.02828,20.55,25.318435,20.25288,66.6,43.2,11.4,11.7,29.2,16.53509,17.46535,43.35,19.72973376,44.35,67.32704,18.277875,23.7
"1,161.14",21.378,84.11464,20.5,25.27298,20.0572,67.9,43.85,11.3,11.55,29.3,16.09868,17.514,43.1,19.54093248,44.1,67.91936,18.2304,23.35
"1,156.37",21.252,83.94192,20.4,25.227525,19.66584,68.1,43.2,11.45,11.45,28.6,16.05019,17.4167,43.45,19.25773056,44.15,68.1168,18.372825,23.4
"1,144.85",21,83.16468,20,25.27298,18.73636,68.9,43.2,11.4,11.25,28.5,15.80774,16.97885,43.4,18.97452864,44.15,68.1168,18.13545,23.25
"1,131.64",20.538,82.81924,19.9,24.954795,18.44284,68.4,42.45,11.25,10.95,27.75,15.56529,16.8329,43,18.69132672,44,67.42576,17.898075,23.1
"1,131.46",20.076,82.99196,20.3,25.409345,18.24716,67,42.8,11.25,10.8,27.95,15.41982,16.9302,43.2,18.50252544,44.6,66.73472,18.2304,23.3
"1,128.51",19.95,83.42376,19.35,25.409345,18.14932,67,43.05,11.25,10.8,27.6,15.27435,16.8329,43.7,18.54972576,44.45,67.6232,17.8506,23.5
"1,115.94",19.572,83.68284,19.3,25.227525,18.00256,67,42.85,11.15,10.75,27.4,14.959165,16.88155,41.9,18.12492288,43.6,66.636,17.56575,23.25
"1,115.52",19.53,83.94192,19.2,25.27298,18.05148,66.2,42.7,11.25,10.7,27.5,14.93492,16.541,41.9,18.07772256,43.55,66.63284096,17.56575,23.3
"1,111.86",19.614,82.9056,19.15,24.954795,18.00256,66.4,42.65,11.3,10.75,27.5,15.007655,16.58965,41.2,17.98332192,43.4,66.53485149,17.56575,23.4
"1,097.45",19.488,81.69656,18.95,24.591155,17.90472,63,42.35,11.25,10.7,27.2,14.83794,16.4437,40.3,17.70012,43.15,66.24088307,17.233425,22.95
"1,097.43",19.53,82.12836,18.75,24.72752,17.75796,63.7,42.65,11.3,10.65,26.6,14.862185,16.4437,40.2,17.70012,43.2,66.43686202,17.2809,22.95
"1,097.01",19.488,81.78292,18.8,24.72752,17.75796,63.9,42.4,11.3,10.7,26.95,14.716715,16.4437,39.95,17.65291968,43.25,66.73083043,17.328375,23
"1,091.87",19.362,81.69656,18.95,24.72752,17.75796,62.2,40.65,11.2,10.7,26.6,14.83794,16.541,39.5,17.60571936,43.2,65.65294624,17.37585,22.7
"1,084.67",19.152,81.1784,18.4,24.18206,17.6112,62.9,39.6,11.1,10.7,26.3,14.571245,16.4437,39.9,17.51131872,43.2,65.65294624,17.4708,22.6
"1,097.40",19.11,83.07832,19,24.36388,17.66012,63,40.75,11.2,10.8,27.1,14.83794,16.49235,39.9,17.74732032,43.7,66.73083043,17.75565,22.55
"1,104.49",18.9,83.07832,18.9,24.591155,17.66012,65,41.6,11.3,10.8,27.1,14.813695,16.4437,40.3,17.84172096,43.8,67.02479885,18.0405,22.85
"1,106.83",18.732,82.21472,18.85,24.863885,17.66012,65.8,41.7,11.4,10.9,27.45,14.78945,16.541,40.75,17.98332192,43.9,66.8288199,18.2304,23
"1,121.21",18.9,83.59648,18.8,25.409345,17.8558,66.2,42.5,11.6,11.1,28,15.056145,16.88155,41.05,18.12492288,44.25,68.00469357,18.467775,23.65
"1,117.34",18.816,82.042,18.75,25.00025,17.75796,67.5,42.5,11.6,11.15,27.85,14.959165,16.88155,41,18.12492288,44.05,68.5926304,18.4203,23.65
"1,114.89",18.816,81.35112,18.75,25.18207,17.80688,66.2,42.6,11.65,11,28.2,15.007655,16.97885,39.65,18.26652384,42.95,67.61273568,18.6102,23.35
"1,111.35",18.816,81.43748,18.7,25.09116,17.8558,63.5,40.85,11.5,11.05,28.55,14.959165,17.07615,39.7,18.21932352,42.8,67.02479885,18.657675,22.8
"1,109.27",18.732,82.042,18.6,25.09116,17.70904,62.1,40.95,11.55,11,28.1,14.74096,16.97885,40.45,18.12492288,42.8,67.12278832,18.4203,22.9
"1,100.42",18.606,81.86928,18.45,24.772975,17.66012,61.4,40,11.45,10.95,27.8,14.571245,16.58965,40.5,18.07772256,42.8,66.73083043,18.182925,22.85
"1,107.16",18.732,80.83296,18.5,25.00025,17.66012,62.2,39.95,11.55,11.1,28.2,14.64398,16.7356,41.3,18.07772256,42.95,67.41675674,18.51525,23
"1,090.39",18.438,79.79664,18.2,24.45479,17.41552,61.5,38.75,11.3,10.85,27.5,14.425775,16.6383,40.9,17.88892128,42.1,67.02479885,18.32535,22.8
"1,081.70",18.438,79.36484,18,24.136605,17.41552,60.5,38.5,11.25,10.8,27.5,14.30455,16.541,41.3,17.65291968,41.75,66.04490413,18.13545,22.1
"1,093.16",18.522,79.19212,18.05,24.5457,17.46444,62.9,38.8,11.3,10.85,27.8,14.49851,16.39505,41.2,17.74732032,42.55,67.02479885,18.277875,23.2
"1,088.51",18.396,78.67396,18.05,24.27297,17.46444,61.3,38,11.3,10.85,28.15,14.522755,16.29775,40.75,17.65291968,42.4,67.12278832,18.372825,22.8
"1,078.42",18.354,78.32852,18.1,23.90933,17.21984,60.9,38,11.3,10.75,27.4,14.20757,16.20045,39.8,17.41691808,41.85,66.73083043,18.2304,22.6
"1,087.34",18.522,78.76032,18.3,24.00024,17.46444,61.8,38.55,11.4,10.95,28.3,14.571245,16.541,39.1,17.74732032,41.35,66.92680938,18.2304,22.6
"1,082.68",18.648,78.41488,18.05,23.500235,17.51336,63.3,37.3,11.45,10.95,28.2,14.74096,16.541,39,17.74732032,41.3,67.31876726,18.182925,22.6
"1,109.80",19.068,80.3148,18.6,24.72752,17.66012,64.9,39.8,11.65,11.3,29.1,15.007655,16.6383,39,18.12492288,42,68.00469357,18.657675,22.8
"1,108.60",18.984,79.36484,18.7,24.591155,17.70904,64.6,40.9,11.7,11.25,29.3,14.93492,16.58965,39.1,17.98332192,42.6,68.10268304,18.657675,22.6
"1,102.85",18.9,78.32852,18.7,24.227515,17.6112,63.6,40.55,11.65,11.2,29.2,15.0319,16.7356,38.95,17.9361216,42.7,67.9067041,18.51525,22.55
"1,103.53",19.068,78.5876,18.5,24.09115,17.80688,64.1,41.4,11.65,11.2,29.35,15.104635,16.541,38.95,18.07772256,42.2,68.5926304,18.32535,22.8
"1,132.60",19.572,80.3148,18.95,24.72752,18.1004,66,41.5,11.85,11.6,30.2,15.37133,17.0275,41.15,18.50252544,45.1,68.88659882,18.89505,23.85
"1,131.90",19.53,79.79664,18.9,24.5457,18.14932,65.8,41.9,11.75,11.55,30,15.298595,17.2221,41.45,18.54972576,45.4,69.2785567,18.942525,24.1
"1,119.28",19.068,79.96936,18.75,24.5457,18.05148,62.6,41.5,11.85,11.45,30,15.27435,16.9302,41,18.50252544,44.95,67.51474621,18.6102,24
"1,106.72",18.858,78.93304,18.8,24.72752,17.70904,62,40,11.9,11.05,29.25,14.98341,16.78425,41.35,18.12492288,44.8,67.31876726,18.2304,23.5
"1,109.05",18.816,79.0194,18.85,24.09115,17.6112,61.7,39.4,11.7,11.15,29.5,15.056145,16.541,42.3,17.9361216,44.95,68.20067251,18.562725,23.95
"1,122.95",18.942,79.883,18.75,24.27297,17.95364,62.8,40.3,11.55,11.25,29.65,15.27435,16.6383,42.9,18.21932352,45.4,69.2785567,18.99,24.3
"1,129.95",19.152,79.96936,18.8,24.500245,17.95364,63.8,39.6,11.5,11.35,30,15.41982,16.78425,41,18.31372416,43,69.96448301,19.32310359,23.7
"1,092.71",18.564,76.25588,18,23.45478,17.41552,62,38.2,11.15,10.85,29,14.83794,16.10315,40,17.65291968,42.05,69.37654618,18.73481238,23.15
"1,103.52",18.648,76.4286,18.25,23.409325,17.56228,64,38.05,11.25,11,29.45,15.0319,16.1518,41,17.84172096,42.1,69.57252512,18.82531872,24
"1,086.19",18.522,75.1332,18.35,22.81841,17.02416,63.9,38.95,11.1,10.7,28.5,15.0319,15.61665,40.5,17.55851904,41.6,68.5926304,17.92025532,24.4
"1,087.50",18.732,76.8604,17.6,22.954775,17.31768,62.7,37,11.1,10.9,29,14.231815,15.9572,39.95,17.51131872,41.45,69.47453565,18.37278702,23.25
"1,051.65",18.144,73.75144,17.25,21.772945,16.82848,59.5,35.1,10.7,10.35,27.65,13.67418,15.3734,38.45,16.9921152,40.4,68.98458829,17.92025532,22.7
"1,039.38",17.976,71.6788,17.2,20.9093,16.73064,58.2,37.7,10.6,10.1,27,13.43173,15.3734,39,16.89771456,40.5,66.63284096,18.101268,22.2
"1,047.63",17.892,73.406,17.2,20.9093,16.6328,58,40.5,10.85,10.15,27,13.62569,15.568,39.2,16.61451264,41.5,66.24088307,18.01076166,23.1
"1,067.57",18.102,75.1332,17.25,21.227485,17.07308,57.8,42,11,10.3,28.7,14.328795,15.7626,39.2,17.08651584,41.6,66.63284096,18.28228068,22.9
"1,064.95",17.724,74.96048,17,20.72748,16.82848,61.4,42,10.8,10.05,28.1,14.45002,15.568,41.8,16.37851104,41.6,65.65294624,18.28228068,24.6
"1,113.32",18.396,78.50124,17.5,21.863855,17.41552,66,43.5,11.2,10.55,29.55,15.12888,16.29775,44.9,17.27531712,44.7,67.61273568,19.0063314,26.45
"1,117.12",18.396,79.4512,17.55,21.8184,17.51336,66.9,43,11.2,10.6,30,15.201615,16.3464,44.6,17.4641184,43.45,68.88659882,19.05158457,26.6
"1,106.85",18.312,78.5876,17.5,21.8184,17.41552,66,43,11.05,10.3,29.7,14.98341,16.00585,44.5,17.03931552,43.4,68.78860934,19.05158457,26
"1,123.69",18.396,80.22844,17.75,22.136585,17.56228,69,44.7,11.2,10.45,30.1,15.08039,16.0545,44.5,17.32251744,43.35,70.84638826,19.54936944,26.6
"1,104.89",18.312,79.4512,17.5,21.54567,17.26876,66.4,43,11.05,10.3,29,14.862185,15.71395,42.5,17.2281168,43.2,69.96448301,19.41360993,26.4
"1,125.56",18.522,80.3148,17.55,21.8184,17.3666,68.3,44.7,11.25,10.4,29.7,15.153125,15.81125,43.3,17.41691808,43.8,72.41421981,20.3639265,26.5
"1,141.03",18.858,80.40116,17.55,22.54568,17.70904,71,46.3,11.25,10.6,30,15.395575,16.0545,44.5,17.60571936,44,73.29612506,20.54493918,27
"1,153.21",18.984,83.59648,17.4,22.7275,17.80688,71.6,48.6,11.35,10.6,30.2,15.41982,16.3464,45.55,17.79452064,45,73.68808294,20.3639265,26.7
"1,166.66",19.026,82.99196,17.6,23.409325,18.05148,72.7,49.5,11.4,10.8,31.5,15.61378,16.78425,46.9,18.26652384,46.1,74.27601978,19.86614163,27.35
"1,165.49",19.068,83.25104,17.5,23.45478,17.95364,73.1,48.4,11.45,10.85,31.6,15.75925,16.7356,47.55,18.54972576,46.5,73.98205136,19.77563529,27.2
"1,167.29",19.068,83.7692,17.6,23.81842,18.1004,73.8,49.3,11.5,10.9,31.75,15.80774,16.29775,47.4,18.50252544,45.45,72.90416717,19.73038212,27
"1,160.28",19.152,83.16468,17.4,23.6366,18.05148,73.2,48.85,11.45,10.85,31.25,15.75925,16.29775,48,18.31372416,44.9,72.90416717,19.54936944,27
"1,150.37",18.9,82.56016,17.05,23.18205,17.90472,73.5,47.95,11.2,10.75,31.2,15.56529,16.39505,47,17.88892128,45.2,72.21824086,19.36835676,27.05
"1,139.78",18.312,80.05572,17.1,22.682045,17.75796,72.7,48.3,11.2,10.7,30.95,15.541045,16.3464,46.05,17.65291968,45.95,72.70818822,18.96107823,27.45
"1,124.48",18.144,79.10576,16.95,22.63659,17.66012,72.8,47,10.9,10.5,29.9,15.41982,16.10315,44.55,17.4641184,45.6,71.23834614,18.82531872,26.8
"1,138.54",18.144,79.883,17.1,22.954775,17.75796,73.5,49.2,11.25,10.65,30.2,15.638025,16.1518,44.6,17.84172096,46.1,72.90416717,19.0063314,27
"1,130.89",18.144,79.62392,17.1,22.54568,17.66012,74,49,11.2,10.55,29.2,15.75925,16.2491,44.05,17.74732032,44.5,72.51220928,19.0063314,26.3
"1,167.13",18.396,80.48752,17.1,23.81842,18.19824,77.4,51.9,11.75,11.05,30.85,16.074435,17.0275,45.75,18.36092448,46.9,74.08004083,19.73038212,26.85
"1,166.26",18.354,80.14208,17.35,23.90933,18.1004,76.3,52.6,11.6,11.1,30.65,16.316885,17.36805,45.5,18.26652384,46.85,72.70818822,19.63987578,26.1
"1,164.45",18.27,81.1784,17.3,24.18206,18.1004,76.5,53,11.5,10.95,30.75,16.316885,17.56265,44.5,18.26652384,45,73.29612506,19.18734408,25.45
"1,168.60",18.48,81.43748,17.4,24.09115,18.1004,76,52,11.75,11.1,31.8,15.80774,17.3194,45.1,18.45532512,45.2,75.05993555,19.0063314,26.1
"1,153.37",18.396,80.7466,17.4,23.81842,17.8558,73,51.5,11.65,10.8,31.35,15.71076,17.2221,45,18.1721232,45,74.56998819,18.50854653,25.8
"1,159.94",18.48,81.43748,17.4,23.6366,17.70904,70.3,51,11.8,11,31.65,15.90472,17.514,47,17.98332192,46.5,76.03983027,18.46329336,26.6
"1,197.69",18.732,83.51012,17.55,24.81843,18.29608,75.4,52.1,12.3,11.8,32.9,16.4866,18.04915,48,19.16332992,50,75.9418408,19.23259725,27.4
"1,219.19",18.816,83.59648,17.55,25.81844,18.54068,78.8,54.2,12.7,12.05,32.35,16.63207,18.53565,50.2,19.49373216,52.2,76.43178816,19.59462261,28.15
"1,234.57",18.858,85.0646,17.85,25.81844,18.78528,79.7,55.8,12.8,12.2,33.25,16.656315,18.9735,50.7,19.8241344,53.5,76.72575658,19.82088846,28.1
"1,225.50",18.732,84.97824,17.7,25.591165,18.5896,79,55.5,12.75,12.05,33.3,16.43811,18.53565,49.35,19.54093248,51.7,77.31369341,19.82088846,27.6
"1,223.70",18.858,83.68284,17.6,25.09116,18.73636,78.5,55,12.65,12.1,32.6,16.53509,18.43835,48.95,19.77693408,53,77.31369341,20.04715431,27.7
"1,238.81",19.026,84.201,18,25.09116,18.98096,79.7,55.9,12.75,12.2,32.5,16.92301,18.6816,50.5,20.34333792,53.6,77.90163024,20.40917967,28.4
"1,234.06",18.858,82.81924,17.5,25.27298,18.73636,78.6,57.3,12.75,12.3,31.8,16.92301,18.487,49,20.48493888,55.5,77.80364077,20.27342016,28.9
"1,247.95",18.942,84.6328,17.45,25.81844,18.63852,80.1,57.5,12.95,12.35,31.95,16.9715,18.73025,52.1,19.8241344,59.2,77.50967235,20.31867333,29
"1,255.83",19.11,85.41004,17.4,26.136625,18.8342,81,55.8,12.9,12.55,32.35,17.11697,18.6816,53.5,19.25773056,60.3,78.68554602,20.18291382,29.5
"1,230.71",18.774,84.11464,17.1,25.4548,18.345,79.6,54.5,12.7,12.3,31.6,16.753295,18.43835,52.5,19.06892928,59.1,77.90163024,19.82088846,28.7
"1,249.14",19.11,84.28736,17.35,26.136625,18.68744,81.8,55.5,12.85,12.7,32.5,17.141215,18.8762,54,19.44653184,59.1,78.3915776,19.73038212,29.6
"1,255.22",19.236,84.54644,17.3,26.045715,18.88312,82,55,12.9,12.75,33,17.335175,19.11945,55.1,19.54093248,60.8,77.90163024,19.68512895,30.3
"1,260.03",19.278,85.4964,17.2,26.3639,18.8342,82.7,55,13,12.65,33.05,17.06848,19.21675,55.9,19.49373216,61.6,78.3915776,19.73038212,30.3
"1,244.64",19.11,83.59648,17.1,25.27298,18.73636,81.5,54.3,13,12.65,32.7,16.9715,19.11945,55.3,19.44653184,62.3,78.48956707,19.0063314,30.15
"1,234.53",18.984,83.51012,16.85,25.09116,18.1004,81.5,53.8,12.8,12.45,32.65,16.72905,19.0708,54.7,19.21053024,62.1,76.23580922,18.96107823,30.3
"1,225.56",18.858,83.42376,16.35,24.72752,18.00256,79.6,53.8,12.7,12.25,32.5,16.4866,19.02215,54.6,18.880128,62,76.23580922,18.82531872,29.7
"1,215.47",18.522,80.83296,16.2,24.5457,17.8558,80,52.9,12.6,12.25,31.75,16.43811,18.487,54.6,18.69132672,63.4,75.84385133,18.87057189,29.25
"1,213.40",18.522,81.1784,16.3,24.409335,17.80688,80.7,51.7,12.7,12.1,31.65,16.4866,18.487,54.7,18.69132672,64.7,76.33379869,18.37278702,29.75
"1,193.93",18.438,78.24216,16.25,23.591145,17.70904,79.7,50.5,12.5,11.95,31.1,16.316885,18.34105,54.1,18.50252544,63.5,73.39411453,18.28228068,28.7
"1,201.88",18.522,77.724,16.2,23.90933,17.8558,80,50.3,12.6,12.1,31.55,16.38962,18.2924,55.4,18.6441264,64.2,73.19813558,18.5537997,29.05
"1,182.97",18.354,73.83486376,16.1,23.318415,17.6112,77.5,49.7,12.35,12,30.9,16.09868,18.0005,54.5,18.6441264,65,72.02226192,18.32753385,28.75
"1,193.51",18.522,73.83486376,16.4,23.772965,17.80688,77.7,50,12.8,12.1,32.15,16.05019,18.04915,55.5,18.73852704,64.5,71.23834614,18.64430604,29.3
"1,190.32",18.48,73.32271442,16.2,23.81842,17.75796,78.4,49,13,12.15,31.8,15.880475,18.0005,56,18.73852704,65.8,71.43432509,18.82531872,29.5
"1,190.10",18.396,72.98128152,16.2,24.09115,17.70904,79,50.2,13.05,12,31.3,15.75925,17.6113,56.8,18.45532512,66.9,71.82628298,18.64430604,29.1
"1,247.82",19.068,73.40807264,17.15,25.54571,18.44284,82.1,53.9,14,12.85,32.35,16.82603,18.34105,61,19.54093248,71.9,72.12025139,20.04715431,30.6
"1,256.95",19.236,72.63984862,17.15,25.409345,18.5896,81.8,53.8,13.9,12.9,32.9,17.11697,18.5843,62.9,19.49373216,75.6,71.63030403,20.27342016,31.5
"1,241.24",19.194,71.70090816,17.05,25.409345,18.54068,82.4,54,13.9,12.95,31.5,16.510845,18.487,61.7,19.44653184,70.7,71.33633562,19.9113948,31.3
"1,243.43",19.362,70.50589302,17.15,25.591165,18.54068,82.2,54.2,13.75,12.95,31.9,16.38962,18.14645,61.2,19.54093248,73.3,71.92427245,19.86614163,30.3
"1,240.77",19.236,69.99374368,17.05,25.18207,18.49176,84.5,53.3,13.65,12.95,31.85,16.316885,18.14645,60.9,19.39933152,72.6,72.02226192,19.9113948,30.75
"1,226.20",19.236,70.16446013,17.2,24.863885,18.49176,83,52,13.8,12.95,30.55,16.24415,18.0005,60.6,19.49373216,67.9,71.63030403,19.86614163,30.05
"1,239.84",19.488,70.93268414,17.3,25.27298,18.73636,88,52.6,13.9,13.15,31.2,16.4866,18.34105,60.6,19.77693408,65.8,71.63030403,19.95664797,30.9
"1,247.81",19.656,71.87162461,17.35,24.72752,18.78528,89.2,53.6,14.1,13.25,29.8,16.4866,18.487,62.8,20.01293568,67,73.00215664,20.09240748,31
"1,250.68",19.95,72.12769928,17.35,25.045705,18.93204,88.2,53.8,13.7,13.45,30.05,16.656315,18.7789,62.9,20.20173696,63.9,73.39411453,20.49968601,29.6
"1,231.42",20.496,71.10340059,17.15,24.863885,18.5896,86.3,53,13.6,13.3,28.95,16.29264,18.43835,63,19.8241344,62.2,71.53231456,20.09240748,28.7
